ref_date,geo,age_group,population,labour_force,employment,full_time_employment,part_time_employment,unemployment,unemployment_rate,participation_rate,employment_rate
Jan 2019,Alberta,15 years and over,3428.3,2457.2,2294.5,1875.6,418.8,162.8,6.6,71.7,66.9
Jan 2019,Alberta,15 to 24 years,515.2,330.9,297.6,176.7,120.9,33.3,10.1,64.2,57.8
Jan 2019,Alberta,25 years and over,2913.1,2126.3,1996.9,1698.9,297.9,129.5,6.1,73,68.5
Jan 2019,Alberta,25 to 54 years,1844.1,1638.9,1544,1355.3,188.8,94.9,5.8,88.9,83.7
Jan 2019,Alberta,55 years and over,1069,487.4,452.8,343.6,109.2,34.6,7.1,45.6,42.4
Jan 2020,Alberta,15 years and over,3486.9,2472.5,2293.6,1876,417.6,178.9,7.2,70.9,65.8
Jan 2020,Alberta,15 to 24 years,521.4,341.1,294.5,162.9,131.6,46.6,13.7,65.4,56.5
Jan 2020,Alberta,25 years and over,2965.5,2131.4,1999.1,1713.1,286,132.3,6.2,71.9,67.4
Jan 2020,Alberta,25 to 54 years,1860.3,1645.7,1543.7,1358.1,185.6,102,6.2,88.5,83
Jan 2020,Alberta,55 years and over,1105.2,485.8,455.4,355,100.4,30.4,6.3,44,41.2
Jan 2021,Alberta,15 years and over,3527.7,2452,2199.6,1793.6,406,252.4,10.3,69.5,62.4
Jan 2021,Alberta,15 to 24 years,523.5,322.1,253.9,136.7,117.2,68.1,21.1,61.5,48.5
Jan 2021,Alberta,25 years and over,3004.2,2129.9,1945.6,1656.9,288.8,184.3,8.7,70.9,64.8
Jan 2021,Alberta,25 to 54 years,1867.9,1636.2,1496.8,1309.7,187.1,139.3,8.5,87.6,80.1
Jan 2021,Alberta,55 years and over,1136.3,493.7,448.8,347.2,101.6,44.9,9.1,43.4,39.5
Jan 2022,Alberta,15 years and over,3573.9,2501.3,2330.3,1885.4,444.9,171,6.8,70,65.2
Jan 2022,Alberta,15 to 24 years,527.9,346,304.3,148.8,155.5,41.7,12.1,65.5,57.6
Jan 2022,Alberta,25 years and over,3046,2155.4,2026,1736.5,289.5,129.4,6,70.8,66.5
Jan 2022,Alberta,25 to 54 years,1883.7,1678.7,1589,1388.7,200.3,89.7,5.3,89.1,84.4
Jan 2022,Alberta,55 years and over,1162.3,476.6,437,347.8,89.1,39.6,8.3,41,37.6
Apr 2019,Alberta,15 years and over,3441.1,2476.7,2316.9,1896,420.9,159.8,6.5,72,67.3
Apr 2019,Alberta,15 to 24 years,516.5,341.2,309.3,181.8,127.5,32,9.4,66.1,59.9
Apr 2019,Alberta,25 years and over,2924.6,2135.4,2007.6,1714.2,293.4,127.8,6,73,68.6
Apr 2019,Alberta,25 to 54 years,1846.6,1642.4,1549.4,1365.2,184.2,93,5.7,88.9,83.9
Apr 2019,Alberta,55 years and over,1078,493,458.2,349,109.2,34.8,7.1,45.7,42.5
Apr 2020,Alberta,15 years and over,3499.2,2238.8,1945.4,1653.7,291.8,293.4,13.1,64,55.6
Apr 2020,Alberta,15 to 24 years,522.3,256.1,187.3,116.9,70.3,68.8,26.9,49,35.9
Apr 2020,Alberta,25 years and over,2976.9,1982.7,1758.2,1536.7,221.4,224.6,11.3,66.6,59.1
Apr 2020,Alberta,25 to 54 years,1863.5,1524.3,1349.7,1198.8,150.9,174.6,11.5,81.8,72.4
Apr 2020,Alberta,55 years and over,1113.4,458.4,408.4,337.9,70.5,49.9,10.9,41.2,36.7
Apr 2021,Alberta,15 years and over,3535.3,2455.1,2238.6,1825.3,413.3,216.5,8.8,69.4,63.3
Apr 2021,Alberta,15 to 24 years,523.1,325.7,275.6,159.2,116.4,50.1,15.4,62.3,52.7
Apr 2021,Alberta,25 years and over,3012.3,2129.4,1963,1666.1,296.9,166.4,7.8,70.7,65.2
Apr 2021,Alberta,25 to 54 years,1869.5,1625.1,1502.4,1318.8,183.6,122.7,7.6,86.9,80.4
Apr 2021,Alberta,55 years and over,1142.8,504.3,460.6,347.3,113.3,43.7,8.7,44.1,40.3
Apr 2022,Alberta,15 years and over,3593.3,2520.3,2366.4,1916.6,449.7,154,6.1,70.1,65.9
Apr 2022,Alberta,15 to 24 years,530.6,360.5,321.4,159.7,161.7,39.1,10.8,67.9,60.6
Apr 2022,Alberta,25 years and over,3062.7,2159.8,2044.9,1756.9,288,114.9,5.3,70.5,66.8
Apr 2022,Alberta,25 to 54 years,1892.4,1675.1,1596.2,1400.5,195.7,78.9,4.7,88.5,84.3
Apr 2022,Alberta,55 years and over,1170.3,484.7,448.7,356.4,92.4,36,7.4,41.4,38.3
Jul 2019,Alberta,15 years and over,3456.7,2491.7,2314.8,1888.6,426.2,176.9,7.1,72.1,67
Jul 2019,Alberta,15 to 24 years,518.2,349.2,303.7,170.1,133.6,45.5,13,67.4,58.6
Jul 2019,Alberta,25 years and over,2938.5,2142.4,2011.1,1718.5,292.5,131.4,6.1,72.9,68.4
Jul 2019,Alberta,25 to 54 years,1850.9,1631,1538.8,1354.3,184.6,92.2,5.7,88.1,83.1
Jul 2019,Alberta,55 years and over,1087.6,511.4,472.2,364.3,108,39.2,7.7,47,43.4
Jul 2020,Alberta,15 years and over,3509.2,2441.4,2124.4,1734.5,389.9,317,13,69.6,60.5
Jul 2020,Alberta,15 to 24 years,523,334.2,245.7,132.3,113.4,88.5,26.5,63.9,47
Jul 2020,Alberta,25 years and over,2986.2,2107.2,1878.7,1602.2,276.5,228.5,10.8,70.6,62.9
Jul 2020,Alberta,25 to 54 years,1864.8,1629.1,1462.3,1262.7,199.6,166.8,10.2,87.4,78.4
Jul 2020,Alberta,55 years and over,1121.4,478.1,416.4,339.5,76.8,61.7,12.9,42.6,37.1
Jul 2021,Alberta,15 years and over,3540.8,2456.1,2247.4,1805.8,441.6,208.7,8.5,69.4,63.5
Jul 2021,Alberta,15 to 24 years,522.6,323.2,279.8,141.5,138.4,43.3,13.4,61.8,53.5
Jul 2021,Alberta,25 years and over,3018.1,2133,1967.6,1664.4,303.2,165.4,7.8,70.7,65.2
Jul 2021,Alberta,25 to 54 years,1869.5,1632.4,1514.9,1322.2,192.7,117.5,7.2,87.3,81
Jul 2021,Alberta,55 years and over,1148.7,500.6,452.7,342.2,110.6,47.9,9.6,43.6,39.4
Jul 2022,Alberta,15 years and over,3616.8,2511.6,2386.6,1958.8,427.8,125.1,5,69.4,66
Jul 2022,Alberta,15 to 24 years,534.2,351.5,316.5,174.6,141.9,35,10,65.8,59.2
Jul 2022,Alberta,25 years and over,3082.6,2160.1,2070.1,1784.2,285.9,90,4.2,70.1,67.2
Jul 2022,Alberta,25 to 54 years,1903.3,1682,1614.5,1429,185.5,67.6,4,88.4,84.8
Jul 2022,Alberta,55 years and over,1179.2,478.1,455.6,355.3,100.4,22.5,4.7,40.5,38.6
Oct 2019,Alberta,15 years and over,3473.3,2480.8,2319.8,1900.2,419.6,161,6.5,71.4,66.8
Oct 2019,Alberta,15 to 24 years,520.2,346.1,302.7,168.9,133.8,43.4,12.5,66.5,58.2
Oct 2019,Alberta,25 years and over,2953.1,2134.7,2017.1,1731.3,285.9,117.6,5.5,72.3,68.3
Oct 2019,Alberta,25 to 54 years,1856.2,1642.2,1554.9,1368.1,186.8,87.4,5.3,88.5,83.8
Oct 2019,Alberta,55 years and over,1097,492.5,462.3,363.2,99.1,30.2,6.1,44.9,42.1
Oct 2020,Alberta,15 years and over,3518.7,2472.5,2193.5,1769.5,424,279,11.3,70.3,62.3
Oct 2020,Alberta,15 to 24 years,523.5,335.6,256.3,126.2,130.1,79.4,23.7,64.1,49
Oct 2020,Alberta,25 years and over,2995.1,2136.9,1937.3,1643.3,294,199.6,9.3,71.3,64.7
Oct 2020,Alberta,25 to 54 years,1866,1657.4,1509.3,1308.7,200.6,148.1,8.9,88.8,80.9
Oct 2020,Alberta,55 years and over,1129.1,479.5,428,334.6,93.4,51.5,10.7,42.5,37.9
Oct 2021,Alberta,15 years and over,3556,2476.2,2286.3,1874.1,412.2,189.9,7.7,69.6,64.3
Oct 2021,Alberta,15 to 24 years,524.9,336.7,293,156.5,136.5,43.6,12.9,64.1,55.8
Oct 2021,Alberta,25 years and over,3031.1,2139.6,1993.3,1717.6,275.7,146.3,6.8,70.6,65.8
Oct 2021,Alberta,25 to 54 years,1875.5,1654.3,1547,1370.7,176.3,107.2,6.5,88.2,82.5
Oct 2021,Alberta,55 years and over,1155.6,485.3,446.2,346.9,99.3,39.1,8.1,42,38.6
Oct 2022,Alberta,15 years and over,3648.8,2530.7,2395,1957.3,437.7,135.7,5.4,69.4,65.6
Oct 2022,Alberta,15 to 24 years,540.5,332.2,296.3,162.8,133.5,35.8,10.8,61.5,54.8
Oct 2022,Alberta,25 years and over,3108.3,2198.5,2098.7,1794.5,304.2,99.8,4.5,70.7,67.5
Oct 2022,Alberta,25 to 54 years,1919.4,1713.3,1638.2,1440,198.1,75.2,4.4,89.3,85.3
Oct 2022,Alberta,55 years and over,1188.8,485.2,460.5,354.5,106.1,24.7,5.1,40.8,38.7
Jan 2019,British Columbia,15 years and over,4203.1,2796.8,2666.7,2076.3,590.4,130.2,4.7,66.5,63.4
Jan 2019,British Columbia,15 to 24 years,602.3,411.1,375.4,196.8,178.7,35.6,8.7,68.3,62.3
Jan 2019,British Columbia,25 years and over,3600.8,2385.7,2291.2,1879.5,411.7,94.5,4,66.3,63.6
Jan 2019,British Columbia,25 to 54 years,2008.2,1762.3,1695.7,1439.6,256.2,66.6,3.8,87.8,84.4
Jan 2019,British Columbia,55 years and over,1592.6,623.5,595.5,440,155.5,27.9,4.5,39.1,37.4
Jan 2020,British Columbia,15 years and over,4277.2,2806.2,2673.3,2094.7,578.6,133,4.7,65.6,62.5
Jan 2020,British Columbia,15 to 24 years,606.7,387.6,357,176.1,180.9,30.6,7.9,63.9,58.8
Jan 2020,British Columbia,25 years and over,3670.5,2418.6,2316.2,1918.6,397.7,102.4,4.2,65.9,63.1
Jan 2020,British Columbia,25 to 54 years,2034.9,1785.2,1713.3,1477.4,235.9,71.9,4,87.7,84.2
Jan 2020,British Columbia,55 years and over,1635.6,633.5,602.9,441.1,161.8,30.5,4.8,38.7,36.9
Jan 2021,British Columbia,15 years and over,4320.6,2849.2,2631,2072.4,558.5,218.2,7.7,65.9,60.9
Jan 2021,British Columbia,15 to 24 years,603.4,381.9,325.3,169,156.3,56.6,14.8,63.3,53.9
Jan 2021,British Columbia,25 years and over,3717.2,2467.2,2305.7,1903.4,402.2,161.6,6.5,66.4,62
Jan 2021,British Columbia,25 to 54 years,2043.9,1820.1,1699.2,1458.5,240.7,120.9,6.6,89.1,83.1
Jan 2021,British Columbia,55 years and over,1673.3,647.1,606.4,444.9,161.5,40.7,6.3,38.7,36.2
Jan 2022,British Columbia,15 years and over,4396.3,2856.3,2709.9,2124.7,585.2,146.4,5.1,65,61.6
Jan 2022,British Columbia,15 to 24 years,601.3,406.9,367.4,170.5,196.9,39.5,9.7,67.7,61.1
Jan 2022,British Columbia,25 years and over,3795,2449.4,2342.5,1954.2,388.3,106.9,4.4,64.5,61.7
Jan 2022,British Columbia,25 to 54 years,2085,1822,1749.3,1521.1,228.2,72.7,4,87.4,83.9
Jan 2022,British Columbia,55 years and over,1710.1,627.4,593.2,433.2,160,34.2,5.5,36.7,34.7
Apr 2019,British Columbia,15 years and over,4223.3,2812.3,2677.1,2104.3,572.8,135.2,4.8,66.6,63.4
Apr 2019,British Columbia,15 to 24 years,604.7,415.5,378.4,185.8,192.6,37,8.9,68.7,62.6
Apr 2019,British Columbia,25 years and over,3618.5,2396.8,2298.7,1918.5,380.2,98.2,4.1,66.2,63.5
Apr 2019,British Columbia,25 to 54 years,2014.7,1774.8,1702.4,1468,234.5,72.4,4.1,88.1,84.5
Apr 2019,British Columbia,55 years and over,1603.8,622.1,596.3,450.5,145.8,25.8,4.1,38.8,37.2
Apr 2020,British Columbia,15 years and over,4288.7,2537.3,2235.7,1827.8,408,301.6,11.9,59.2,52.1
Apr 2020,British Columbia,15 to 24 years,605.9,302.6,228.3,142.4,85.9,74.3,24.6,49.9,37.7
Apr 2020,British Columbia,25 years and over,3682.8,2234.7,2007.4,1685.4,322,227.3,10.2,60.7,54.5
Apr 2020,British Columbia,25 to 54 years,2037.9,1641.4,1472,1293.3,178.8,169.4,10.3,80.5,72.2
Apr 2020,British Columbia,55 years and over,1644.9,593.3,535.4,392.1,143.3,58,9.8,36.1,32.5
Apr 2021,British Columbia,15 years and over,4329.4,2825.6,2627.7,2058.7,569,197.9,7,65.3,60.7
Apr 2021,British Columbia,15 to 24 years,600.5,376.2,333.4,181.8,151.5,42.9,11.4,62.6,55.5
Apr 2021,British Columbia,25 years and over,3728.9,2449.3,2294.3,1876.9,417.4,155,6.3,65.7,61.5
Apr 2021,British Columbia,25 to 54 years,2047,1812.9,1710.1,1441.1,269,102.8,5.7,88.6,83.5
Apr 2021,British Columbia,55 years and over,1681.9,636.4,584.2,435.8,148.4,52.2,8.2,37.8,34.7
Apr 2022,British Columbia,15 years and over,4415.1,2883.6,2744.3,2165.8,578.6,139.3,4.8,65.3,62.2
Apr 2022,British Columbia,15 to 24 years,601.6,411.6,374.5,186.4,188.1,37.1,9,68.4,62.3
Apr 2022,British Columbia,25 years and over,3813.5,2472,2369.8,1979.4,390.4,102.2,4.1,64.8,62.1
Apr 2022,British Columbia,25 to 54 years,2095.4,1840.9,1767.4,1536.7,230.7,73.5,4,87.9,84.3
Apr 2022,British Columbia,55 years and over,1718.1,631.1,602.4,442.7,159.8,28.7,4.5,36.7,35.1
Jul 2019,British Columbia,15 years and over,4247.1,2813.2,2680.8,2083.9,596.8,132.5,4.7,66.2,63.1
Jul 2019,British Columbia,15 to 24 years,607.1,408.6,368.2,183.8,184.3,40.5,9.9,67.3,60.6
Jul 2019,British Columbia,25 years and over,3640,2404.6,2312.6,1900.1,412.5,92,3.8,66.1,63.5
Jul 2019,British Columbia,25 to 54 years,2024.3,1777.5,1713.1,1449.9,263.1,64.4,3.6,87.8,84.6
Jul 2019,British Columbia,55 years and over,1615.7,627.1,599.5,450.2,149.4,27.6,4.4,38.8,37.1
Jul 2020,British Columbia,15 years and over,4303.4,2775,2475.9,1933.3,542.6,299.1,10.8,64.5,57.5
Jul 2020,British Columbia,15 to 24 years,605.7,403.9,310,137.7,172.2,94,23.3,66.7,51.2
Jul 2020,British Columbia,25 years and over,3697.7,2371,2165.9,1795.6,370.4,205.1,8.7,64.1,58.6
Jul 2020,British Columbia,25 to 54 years,2042.5,1747.7,1594.6,1375.8,218.8,153.1,8.8,85.6,78.1
Jul 2020,British Columbia,55 years and over,1655.3,623.3,571.3,419.7,151.6,52,8.3,37.7,34.5
Jul 2021,British Columbia,15 years and over,4347.5,2853.3,2669.3,2071.1,598.1,184,6.4,65.6,61.4
Jul 2021,British Columbia,15 to 24 years,598.9,400,353,171.6,181.4,46.9,11.7,66.8,58.9
Jul 2021,British Columbia,25 years and over,3748.5,2453.3,2316.2,1899.5,416.7,137.1,5.6,65.4,61.8
Jul 2021,British Columbia,25 to 54 years,2056.1,1809.7,1715,1455.2,259.7,94.8,5.2,88,83.4
Jul 2021,British Columbia,55 years and over,1692.5,643.6,601.3,444.3,157,42.3,6.6,38,35.5
Jul 2022,British Columbia,15 years and over,4430.2,2884.5,2753.8,2199.7,554.1,130.7,4.5,65.1,62.2
Jul 2022,British Columbia,15 to 24 years,601.5,399.9,368.2,184.2,184.1,31.7,7.9,66.5,61.2
Jul 2022,British Columbia,25 years and over,3828.7,2484.5,2385.5,2015.5,370,99,4,64.9,62.3
Jul 2022,British Columbia,25 to 54 years,2103,1855.5,1779.7,1554.4,225.3,75.7,4.1,88.2,84.6
Jul 2022,British Columbia,55 years and over,1725.7,629.1,605.8,461.1,144.7,23.2,3.7,36.5,35.1
Oct 2019,British Columbia,15 years and over,4265,2821.4,2680.5,2113.7,566.8,140.9,5,66.2,62.8
Oct 2019,British Columbia,15 to 24 years,607.4,400.9,366.1,194.1,172.1,34.8,8.7,66,60.3
Oct 2019,British Columbia,25 years and over,3657.6,2420.5,2314.4,1919.6,394.7,106.1,4.4,66.2,63.3
Oct 2019,British Columbia,25 to 54 years,2031.4,1787.7,1710.2,1476.9,233.4,77.5,4.3,88,84.2
Oct 2019,British Columbia,55 years and over,1626.2,632.8,604.1,442.8,161.3,28.7,4.5,38.9,37.1
Oct 2020,British Columbia,15 years and over,4314.7,2830.8,2595.1,1990.7,604.5,235.6,8.3,65.6,60.1
Oct 2020,British Columbia,15 to 24 years,605.7,378.8,319.2,140.9,178.3,59.6,15.7,62.5,52.7
Oct 2020,British Columbia,25 years and over,3708.9,2452,2275.9,1849.8,426.1,176.1,7.2,66.1,61.4
Oct 2020,British Columbia,25 to 54 years,2043.9,1817.5,1683,1415.5,267.5,134.4,7.4,88.9,82.3
Oct 2020,British Columbia,55 years and over,1665,634.5,592.9,434.3,158.6,41.6,6.6,38.1,35.6
Oct 2021,British Columbia,15 years and over,4375.6,2848.1,2685.1,2111.5,573.6,163,5.7,65.1,61.4
Oct 2021,British Columbia,15 to 24 years,600.3,397.2,357.3,174.9,182.4,39.8,10,66.2,59.5
Oct 2021,British Columbia,25 years and over,3775.3,2450.9,2327.8,1936.6,391.2,123.1,5,64.9,61.7
Oct 2021,British Columbia,25 to 54 years,2073,1805.9,1729.6,1497.4,232.3,76.3,4.2,87.1,83.4
Oct 2021,British Columbia,55 years and over,1702.4,645,598.2,439.2,159,46.8,7.3,37.9,35.1
Oct 2022,British Columbia,15 years and over,4442.8,2891.6,2759.8,2178.3,581.5,131.8,4.6,65.1,62.1
Oct 2022,British Columbia,15 to 24 years,602.1,400.9,359.6,177,182.6,41.3,10.3,66.6,59.7
Oct 2022,British Columbia,25 years and over,3840.7,2490.7,2400.2,2001.3,399,90.5,3.6,64.9,62.5
Oct 2022,British Columbia,25 to 54 years,2107.9,1859.5,1787.3,1546.1,241.2,72.2,3.9,88.2,84.8
Oct 2022,British Columbia,55 years and over,1732.8,631.3,612.9,455.2,157.8,18.3,2.9,36.4,35.4
Jan 2019,Ontario,15 years and over,11949.9,7781.2,7342.3,5950,1392.2,438.9,5.6,65.1,61.4
Jan 2019,Ontario,15 to 24 years,1863.6,1155.5,1027.2,513.9,513.3,128.3,11.1,62,55.1
Jan 2019,Ontario,25 years and over,10086.3,6625.7,6315.1,5436.2,878.9,310.6,4.7,65.7,62.6
Jan 2019,Ontario,25 to 54 years,5752.1,4967.5,4725.9,4198.4,527.4,241.6,4.9,86.4,82.2
Jan 2019,Ontario,55 years and over,4334.2,1658.2,1589.2,1237.7,351.5,69,4.2,38.3,36.7
Jan 2020,Ontario,15 years and over,12158.8,7932.6,7523.2,6137.1,1386.1,409.3,5.2,65.2,61.9
Jan 2020,Ontario,15 to 24 years,1874.3,1138.1,1029.4,533.5,495.9,108.6,9.5,60.7,54.9
Jan 2020,Ontario,25 years and over,10284.5,6794.5,6493.8,5603.7,890.2,300.7,4.4,66.1,63.1
Jan 2020,Ontario,25 to 54 years,5830.4,5038.3,4802.9,4289.4,513.6,235.4,4.7,86.4,82.4
Jan 2020,Ontario,55 years and over,4454.1,1756.2,1690.9,1314.3,376.6,65.3,3.7,39.4,38
Jan 2021,Ontario,15 years and over,12280.5,7894.5,7086.1,5949.1,1137,808.4,10.2,64.3,57.7
Jan 2021,Ontario,15 to 24 years,1866.3,1075.5,840.3,493.7,346.6,235.2,21.9,57.6,45
Jan 2021,Ontario,25 years and over,10414.2,6819,6245.8,5455.4,790.4,573.2,8.4,65.5,60
Jan 2021,Ontario,25 to 54 years,5857.3,5041.8,4611.9,4142.6,469.2,430,8.5,86.1,78.7
Jan 2021,Ontario,55 years and over,4556.9,1777.2,1633.9,1312.7,321.2,143.3,8.1,39,35.9
Jan 2022,Ontario,15 years and over,12436.1,8145.7,7538.5,6264.6,1274,607.2,7.5,65.5,60.6
Jan 2022,Ontario,15 to 24 years,1852.3,1132.1,960.4,527,433.3,171.8,15.2,61.1,51.8
Jan 2022,Ontario,25 years and over,10583.8,7013.6,6578.2,5737.5,840.6,435.4,6.2,66.3,62.2
Jan 2022,Ontario,25 to 54 years,5936.5,5218.2,4896.2,4414.3,481.9,322,6.2,87.9,82.5
Jan 2022,Ontario,55 years and over,4647.2,1795.4,1682,1323.2,358.8,113.4,6.3,38.6,36.2
Apr 2019,Ontario,15 years and over,12000.8,7875.5,7405.3,5995.8,1409.5,470.2,6,65.6,61.7
Apr 2019,Ontario,15 to 24 years,1869.8,1199,1061.7,531.9,529.7,137.3,11.5,64.1,56.8
Apr 2019,Ontario,25 years and over,10131,6676.5,6343.6,5463.9,879.7,332.9,5,65.9,62.6
Apr 2019,Ontario,25 to 54 years,5768,4984,4729.8,4197.1,532.6,254.3,5.1,86.4,82
Apr 2019,Ontario,55 years and over,4363,1692.5,1613.9,1266.8,347.1,78.6,4.6,38.8,37
Apr 2020,Ontario,15 years and over,12191.4,7204.7,6340.5,5372.3,968.1,864.3,12,59.1,52
Apr 2020,Ontario,15 to 24 years,1871.5,902.8,680,408.3,271.7,222.8,24.7,48.2,36.3
Apr 2020,Ontario,25 years and over,10319.8,6301.9,5660.4,4964.1,696.4,641.5,10.2,61.1,54.8
Apr 2020,Ontario,25 to 54 years,5841,4679.5,4196,3800.2,395.7,483.6,10.3,80.1,71.8
Apr 2020,Ontario,55 years and over,4478.8,1622.4,1464.5,1163.9,300.6,157.9,9.7,36.2,32.7
Apr 2021,Ontario,15 years and over,12311.4,7970.1,7239.1,6012,1227.2,731,9.2,64.7,58.8
Apr 2021,Ontario,15 to 24 years,1861.3,1099.5,878.9,460.8,418.2,220.6,20.1,59.1,47.2
Apr 2021,Ontario,25 years and over,10450,6870.5,6360.2,5551.2,809,510.3,7.4,65.7,60.9
Apr 2021,Ontario,25 to 54 years,5870.3,5087.6,4709.8,4229.9,480,377.7,7.4,86.7,80.2
Apr 2021,Ontario,55 years and over,4579.8,1783,1650.4,1321.3,329,132.6,7.4,38.9,36
Apr 2022,Ontario,15 years and over,12482,8225.1,7780.9,6353.2,1427.6,444.3,5.4,65.9,62.3
Apr 2022,Ontario,15 to 24 years,1853.9,1174.1,1044.4,531,513.4,129.7,11,63.3,56.3
Apr 2022,Ontario,25 years and over,10628.2,7051,6736.5,5822.3,914.2,314.6,4.5,66.3,63.4
Apr 2022,Ontario,25 to 54 years,5958,5268.4,5028.9,4490.6,538.3,239.5,4.5,88.4,84.4
Apr 2022,Ontario,55 years and over,4670.2,1782.6,1707.6,1331.7,375.9,75,4.2,38.2,36.6
Jul 2019,Ontario,15 years and over,12065.2,7861.8,7415.1,6055.5,1359.6,446.6,5.7,65.2,61.5
Jul 2019,Ontario,15 to 24 years,1876,1167,1018.7,508.9,509.9,148.3,12.7,62.2,54.3
Jul 2019,Ontario,25 years and over,10189.2,6694.7,6396.4,5546.6,849.8,298.3,4.5,65.7,62.8
Jul 2019,Ontario,25 to 54 years,5793,4995.7,4769.5,4274.3,495.2,226.2,4.5,86.2,82.3
Jul 2019,Ontario,55 years and over,4396.1,1699,1626.9,1272.4,354.5,72.1,4.2,38.6,37
Jul 2020,Ontario,15 years and over,12222.4,7788.8,6891.8,5664.9,1227,897,11.5,63.7,56.4
Jul 2020,Ontario,15 to 24 years,1868.9,1115.8,798.9,397.1,401.8,316.8,28.4,59.7,42.7
Jul 2020,Ontario,25 years and over,10353.5,6673.1,6092.9,5267.7,825.2,580.2,8.7,64.5,58.8
Jul 2020,Ontario,25 to 54 years,5848,4976.2,4537.4,4052.1,485.3,438.8,8.8,85.1,77.6
Jul 2020,Ontario,55 years and over,4505.5,1696.9,1555.5,1215.6,339.9,141.4,8.3,37.7,34.5
Jul 2021,Ontario,15 years and over,12338.8,8069.9,7427.5,6080.9,1346.6,642.3,8,65.4,60.2
Jul 2021,Ontario,15 to 24 years,1854.1,1133.9,966,477.1,489,167.9,14.8,61.2,52.1
Jul 2021,Ontario,25 years and over,10484.6,6935.9,6461.5,5603.9,857.6,474.5,6.8,66.2,61.6
Jul 2021,Ontario,25 to 54 years,5882.5,5140.2,4811.3,4279.3,531.9,329,6.4,87.4,81.8
Jul 2021,Ontario,55 years and over,4602.1,1795.7,1650.2,1324.5,325.7,145.5,8.1,39,35.9
Jul 2022,Ontario,15 years and over,12519.3,8183.4,7766.9,6401.9,1365,416.5,5.1,65.4,62
Jul 2022,Ontario,15 to 24 years,1854.6,1148.7,1029.9,530.6,499.3,118.8,10.3,61.9,55.5
Jul 2022,Ontario,25 years and over,10664.7,7034.7,6737,5871.3,865.7,297.6,4.2,66,63.2
Jul 2022,Ontario,25 to 54 years,5974.9,5243.8,5029.8,4519.6,510.2,214,4.1,87.8,84.2
Jul 2022,Ontario,55 years and over,4689.8,1790.9,1707.2,1351.7,355.5,83.7,4.7,38.2,36.4
Oct 2019,Ontario,15 years and over,12120.8,7883,7456.3,6066.3,1390,426.7,5.4,65,61.5
Oct 2019,Ontario,15 to 24 years,1876.3,1156.3,1013.5,507,506.5,142.9,12.4,61.6,54
Oct 2019,Ontario,25 years and over,10244.5,6726.7,6442.8,5559.3,883.5,283.9,4.2,65.7,62.9
Oct 2019,Ontario,25 to 54 years,5817.1,5003.4,4787.4,4278.1,509.3,216,4.3,86,82.3
Oct 2019,Ontario,55 years and over,4427.4,1723.3,1655.4,1281.2,374.2,67.9,3.9,38.9,37.4
Oct 2020,Ontario,15 years and over,12256.6,8006.1,7246.7,5915.3,1331.4,759.4,9.5,65.3,59.1
Oct 2020,Ontario,15 to 24 years,1869.7,1168,928,490.1,437.8,240,20.5,62.5,49.6
Oct 2020,Ontario,25 years and over,10386.9,6838.1,6318.7,5425.2,893.6,519.3,7.6,65.8,60.8
Oct 2020,Ontario,25 to 54 years,5854.5,5110,4717.9,4164.2,553.7,392,7.7,87.3,80.6
Oct 2020,Ontario,55 years and over,4532.4,1728.1,1600.8,1260.9,339.9,127.3,7.4,38.1,35.3
Oct 2021,Ontario,15 years and over,12383.8,8135.1,7576.8,6182.6,1394.2,558.3,6.9,65.7,61.2
Oct 2021,Ontario,15 to 24 years,1850.7,1148.6,1038.9,515.3,523.6,109.7,9.6,62.1,56.1
Oct 2021,Ontario,25 years and over,10533.1,6986.5,6537.9,5667.3,870.6,448.6,6.4,66.3,62.1
Oct 2021,Ontario,25 to 54 years,5907.7,5195,4883.5,4339.3,544.2,311.5,6,87.9,82.7
Oct 2021,Ontario,55 years and over,4625.4,1791.6,1654.4,1328,326.4,137.1,7.7,38.7,35.8
Oct 2022,Ontario,15 years and over,12569.7,8212,7745.3,6355.5,1389.8,466.7,5.7,65.3,61.6
Oct 2022,Ontario,15 to 24 years,1861.4,1178.4,1029.4,526.3,503.1,149,12.6,63.3,55.3
Oct 2022,Ontario,25 years and over,10708.3,7033.6,6715.9,5829.2,886.7,317.7,4.5,65.7,62.7
Oct 2022,Ontario,25 to 54 years,5997.7,5258.7,5023.8,4500.7,523.1,234.9,4.5,87.7,83.8
Oct 2022,Ontario,55 years and over,4710.5,1774.9,1692.1,1328.5,363.6,82.8,4.7,37.7,35.9
Jan 2019,Quebec,15 years and over,6967.9,4535.4,4300.1,3475.3,824.8,235.4,5.2,65.1,61.7
Jan 2019,Quebec,15 to 24 years,914.9,640,584.7,278.8,305.9,55.4,8.7,70,63.9
Jan 2019,Quebec,25 years and over,6053,3895.4,3715.4,3196.5,518.9,180,4.6,64.4,61.4
Jan 2019,Quebec,25 to 54 years,3284.6,2928,2799.2,2494.8,304.4,128.7,4.4,89.1,85.2
Jan 2019,Quebec,55 years and over,2768.4,967.4,916.2,701.7,214.5,51.3,5.3,34.9,33.1
Jan 2020,Quebec,15 years and over,7033.3,4563.8,4346.2,3530.2,816,217.6,4.8,64.9,61.8
Jan 2020,Quebec,15 to 24 years,912,649,598.4,273.5,324.9,50.6,7.8,71.2,65.6
Jan 2020,Quebec,25 years and over,6121.2,3914.8,3747.7,3256.7,491,167.1,4.3,64,61.2
Jan 2020,Quebec,25 to 54 years,3289.8,2925.9,2804.8,2518.1,286.7,121.1,4.1,88.9,85.3
Jan 2020,Quebec,55 years and over,2831.4,988.9,943,738.6,204.3,45.9,4.6,34.9,33.3
Jan 2021,Quebec,15 years and over,7081,4482.5,4109.3,3434.3,675,373.2,8.3,63.3,58
Jan 2021,Quebec,15 to 24 years,908.5,594.1,493.9,243.9,249.9,100.2,16.9,65.4,54.4
Jan 2021,Quebec,25 years and over,6172.4,3888.4,3615.4,3190.4,425,273,7,63,58.6
Jan 2021,Quebec,25 to 54 years,3285.3,2919.2,2724.8,2483,241.8,194.4,6.7,88.9,82.9
Jan 2021,Quebec,55 years and over,2887.2,969.2,890.6,707.4,183.2,78.6,8.1,33.6,30.8
Jan 2022,Quebec,15 years and over,7123.5,4545.6,4315,3565.2,749.8,230.6,5.1,63.8,60.6
Jan 2022,Quebec,15 to 24 years,905,611.7,548.4,249.9,298.6,63.3,10.3,67.6,60.6
Jan 2022,Quebec,25 years and over,6218.5,3933.9,3766.5,3315.3,451.2,167.3,4.3,63.3,60.6
Jan 2022,Quebec,25 to 54 years,3286.2,2937.6,2824,2590.4,233.6,113.7,3.9,89.4,85.9
Jan 2022,Quebec,55 years and over,2932.3,996.2,942.6,724.9,217.7,53.7,5.4,34,32.1
Apr 2019,Quebec,15 years and over,6986,4564.3,4342.7,3496.2,846.5,221.7,4.9,65.3,62.2
Apr 2019,Quebec,15 to 24 years,915,638.3,595.2,250.3,344.9,43.1,6.8,69.8,65
Apr 2019,Quebec,25 years and over,6071,3926.1,3747.5,3245.9,501.6,178.6,4.5,64.7,61.7
Apr 2019,Quebec,25 to 54 years,3287.1,2941.7,2812.4,2525.4,287,129.3,4.4,89.5,85.6
Apr 2019,Quebec,55 years and over,2783.9,984.4,935.1,720.5,214.6,49.3,5,35.4,33.6
Apr 2020,Quebec,15 years and over,7043,4305.9,3517.1,2994.2,523,788.8,18.3,61.1,49.9
Apr 2020,Quebec,15 to 24 years,910.1,587.6,392.8,225.2,167.6,194.8,33.2,64.6,43.2
Apr 2020,Quebec,25 years and over,6132.9,3718.3,3124.3,2768.9,355.4,594,16,60.6,50.9
Apr 2020,Quebec,25 to 54 years,3287.8,2821,2387,2185.1,201.9,434,15.4,85.8,72.6
Apr 2020,Quebec,55 years and over,2845.1,897.2,737.3,583.8,153.5,160,17.8,31.5,25.9
Apr 2021,Quebec,15 years and over,7090.1,4521.2,4217.7,3502.2,715.5,303.5,6.7,63.8,59.5
Apr 2021,Quebec,15 to 24 years,907,623.7,542.1,265.2,276.8,81.7,13.1,68.8,59.8
Apr 2021,Quebec,25 years and over,6183.2,3897.5,3675.6,3237,438.6,221.9,5.7,63,59.4
Apr 2021,Quebec,25 to 54 years,3284.9,2919.6,2761.7,2506.9,254.8,158,5.4,88.9,84.1
Apr 2021,Quebec,55 years and over,2898.2,977.8,913.9,730.1,183.8,63.9,6.5,33.7,31.5
Apr 2022,Quebec,15 years and over,7136.7,4588.4,4392.2,3594.1,798.1,196.2,4.3,64.3,61.5
Apr 2022,Quebec,15 to 24 years,905.4,621.6,572.6,251.4,321.3,48.9,7.9,68.7,63.2
Apr 2022,Quebec,25 years and over,6231.3,3966.9,3819.6,3342.7,476.9,147.3,3.7,63.7,61.3
Apr 2022,Quebec,25 to 54 years,3287.4,2956,2858.7,2618.2,240.5,97.3,3.3,89.9,87
Apr 2022,Quebec,55 years and over,2943.9,1010.9,960.9,724.5,236.4,50,4.9,34.3,32.6
Jul 2019,Quebec,15 years and over,7006.9,4566.6,4344.9,3538,806.9,221.8,4.9,65.2,62
Jul 2019,Quebec,15 to 24 years,915.1,634.7,587,268,319,47.8,7.5,69.4,64.1
Jul 2019,Quebec,25 years and over,6091.8,3931.9,3757.9,3270,487.9,174,4.4,64.5,61.7
Jul 2019,Quebec,25 to 54 years,3290.7,2953.3,2820.4,2541,279.4,132.9,4.5,89.7,85.7
Jul 2019,Quebec,55 years and over,2801.1,978.6,937.5,729.1,208.4,41.2,4.2,34.9,33.5
Jul 2020,Quebec,15 years and over,7051.8,4522.1,4097.4,3349.7,747.7,424.7,9.4,64.1,58.1
Jul 2020,Quebec,15 to 24 years,908.2,618.3,505.2,210.5,294.7,113.1,18.3,68.1,55.6
Jul 2020,Quebec,25 years and over,6143.6,3903.8,3592.2,3139.2,453,311.6,8,63.5,58.5
Jul 2020,Quebec,25 to 54 years,3284.3,2940.8,2717.5,2451.5,266,223.2,7.6,89.5,82.7
Jul 2020,Quebec,55 years and over,2859.3,963,874.6,687.7,186.9,88.4,9.2,33.7,30.6
Jul 2021,Quebec,15 years and over,7097.9,4574.6,4286.1,3503.4,782.7,288.5,6.3,64.5,60.4
Jul 2021,Quebec,15 to 24 years,905.1,637.9,592.2,271.2,321.1,45.7,7.2,70.5,65.4
Jul 2021,Quebec,25 years and over,6192.8,3936.7,3693.9,3232.3,461.6,242.8,6.2,63.6,59.6
Jul 2021,Quebec,25 to 54 years,3283.7,2925.9,2753.4,2491.9,261.5,172.5,5.9,89.1,83.9
Jul 2021,Quebec,55 years and over,2909.1,1010.8,940.4,740.3,200.1,70.4,7,34.7,32.3
Jul 2022,Quebec,15 years and over,7157.8,4580.1,4389.4,3604.9,784.5,190.7,4.2,64,61.3
Jul 2022,Quebec,15 to 24 years,907.9,612,568.7,276.4,292.3,43.3,7.1,67.4,62.6
Jul 2022,Quebec,25 years and over,6249.9,3968,3820.7,3328.5,492.2,147.4,3.7,63.5,61.1
Jul 2022,Quebec,25 to 54 years,3293.5,2972.9,2869.5,2607.2,262.3,103.4,3.5,90.3,87.1
Jul 2022,Quebec,55 years and over,2956.4,995.1,951.2,721.3,229.9,44,4.4,33.7,32.2
Oct 2019,Quebec,15 years and over,7020.9,4573.5,4339.2,3513.1,826.1,234.3,5.1,65.1,61.8
Oct 2019,Quebec,15 to 24 years,913.7,657.6,601,270.6,330.4,56.6,8.6,72,65.8
Oct 2019,Quebec,25 years and over,6107.3,3915.9,3738.1,3242.5,495.7,177.8,4.5,64.1,61.2
Oct 2019,Quebec,25 to 54 years,3290.3,2931.2,2802.6,2512.3,290.3,128.5,4.4,89.1,85.2
Oct 2019,Quebec,55 years and over,2817,984.8,935.5,730.1,205.3,49.3,5,35,33.2
Oct 2020,Quebec,15 years and over,7069.2,4548,4200.8,3427.6,773.2,347.2,7.6,64.3,59.4
Oct 2020,Quebec,15 to 24 years,909.2,631.2,542.5,231.6,310.9,88.7,14.1,69.4,59.7
Oct 2020,Quebec,25 years and over,6160,3916.8,3658.3,3196,462.3,258.5,6.6,63.6,59.4
Oct 2020,Quebec,25 to 54 years,3285.9,2921.5,2734.9,2468.8,266.1,186.6,6.4,88.9,83.2
Oct 2020,Quebec,55 years and over,2874.1,995.3,923.4,727.2,196.2,71.9,7.2,34.6,32.1
Oct 2021,Quebec,15 years and over,7112.1,4578.2,4334.7,3548.6,786.1,243.4,5.3,64.4,60.9
Oct 2021,Quebec,15 to 24 years,904.7,627.7,581.1,254.7,326.4,46.6,7.4,69.4,64.2
Oct 2021,Quebec,25 years and over,6207.4,3950.4,3753.6,3293.9,459.7,196.8,5,63.6,60.5
Oct 2021,Quebec,25 to 54 years,3285.1,2958.8,2832,2580.3,251.7,126.8,4.3,90.1,86.2
Oct 2021,Quebec,55 years and over,2922.3,991.6,921.7,713.6,208,70,7.1,33.9,31.5
Oct 2022,Quebec,15 years and over,7181.6,4622.5,4435.1,3626.5,808.6,187.4,4.1,64.4,61.8
Oct 2022,Quebec,15 to 24 years,911.5,634.7,588.5,270.4,318.1,46.2,7.3,69.6,64.6
Oct 2022,Quebec,25 years and over,6270,3987.8,3846.6,3356.1,490.5,141.2,3.5,63.6,61.3
Oct 2022,Quebec,25 to 54 years,3301.8,2966.3,2868.3,2620.2,248.1,98,3.3,89.8,86.9
Oct 2022,Quebec,55 years and over,2968.2,1021.5,978.3,735.9,242.4,43.3,4.2,34.4,33
Jan 2019,Saskatchewan,15 years and over,880.8,607.1,574.2,468.4,105.8,33,5.4,68.9,65.2
Jan 2019,Saskatchewan,15 to 24 years,133.8,87.7,79.7,45.4,34.3,8.1,9.2,65.5,59.6
Jan 2019,Saskatchewan,25 years and over,747,519.4,494.5,423,71.5,24.9,4.8,69.5,66.2
Jan 2019,Saskatchewan,25 to 54 years,432.4,384.2,364.6,322.5,42.2,19.6,5.1,88.9,84.3
Jan 2019,Saskatchewan,55 years and over,314.6,135.2,129.9,100.6,29.3,5.3,3.9,43,41.3
Jan 2020,Saskatchewan,15 years and over,887.6,614,578.1,473.1,105,35.9,5.8,69.2,65.1
Jan 2020,Saskatchewan,15 to 24 years,134.6,88.4,76.7,44.1,32.7,11.6,13.1,65.7,57
Jan 2020,Saskatchewan,25 years and over,753,525.7,501.4,429,72.3,24.3,4.6,69.8,66.6
Jan 2020,Saskatchewan,25 to 54 years,432.9,386.4,367.4,326.7,40.8,19,4.9,89.3,84.9
Jan 2020,Saskatchewan,55 years and over,320.1,139.3,134,102.4,31.6,5.3,3.8,43.5,41.9
Jan 2021,Saskatchewan,15 years and over,888.1,597.8,555.7,453.9,101.8,42.1,7,67.3,62.6
Jan 2021,Saskatchewan,15 to 24 years,134.4,84.5,71.9,40.7,31.2,12.6,14.9,62.9,53.5
Jan 2021,Saskatchewan,25 years and over,753.7,513.4,483.8,413.2,70.6,29.5,5.7,68.1,64.2
Jan 2021,Saskatchewan,25 to 54 years,429.5,381.5,359.4,317.6,41.8,22.1,5.8,88.8,83.7
Jan 2021,Saskatchewan,55 years and over,324.2,131.9,124.5,95.7,28.8,7.4,5.6,40.7,38.4
Jan 2022,Saskatchewan,15 years and over,891.8,608.6,574.8,477.9,96.9,33.9,5.6,68.2,64.5
Jan 2022,Saskatchewan,15 to 24 years,134.6,89.5,81.4,47.7,33.6,8.1,9.1,66.5,60.5
Jan 2022,Saskatchewan,25 years and over,757.2,519.1,493.4,430.2,63.2,25.7,5,68.6,65.2
Jan 2022,Saskatchewan,25 to 54 years,430.1,388.1,369.3,334.7,34.5,18.9,4.9,90.2,85.9
Jan 2022,Saskatchewan,55 years and over,327.1,131,124.1,95.4,28.7,6.9,5.3,40,37.9
Apr 2019,Saskatchewan,15 years and over,881.7,611.4,577.6,475.5,102.1,33.7,5.5,69.3,65.5
Apr 2019,Saskatchewan,15 to 24 years,134,90.4,79.8,47.7,32.1,10.6,11.7,67.5,59.6
Apr 2019,Saskatchewan,25 years and over,747.7,521,497.9,427.8,70,23.1,4.4,69.7,66.6
Apr 2019,Saskatchewan,25 to 54 years,431.7,381.6,364.3,326.2,38.1,17.4,4.6,88.4,84.4
Apr 2019,Saskatchewan,55 years and over,316,139.3,133.6,101.7,31.9,5.7,4.1,44.1,42.3
Apr 2020,Saskatchewan,15 years and over,888.5,564.5,500.3,422.1,78.2,64.2,11.4,63.5,56.3
Apr 2020,Saskatchewan,15 to 24 years,134.7,76.8,58.1,38.5,19.6,18.8,24.5,57,43.1
Apr 2020,Saskatchewan,25 years and over,753.8,487.6,442.2,383.6,58.6,45.4,9.3,64.7,58.7
Apr 2020,Saskatchewan,25 to 54 years,432.6,359.8,324.9,290.2,34.7,34.9,9.7,83.2,75.1
Apr 2020,Saskatchewan,55 years and over,321.3,127.8,117.3,93.4,23.9,10.5,8.2,39.8,36.5
Apr 2021,Saskatchewan,15 years and over,889.5,599.8,560.2,450.3,110,39.6,6.6,67.4,63
Apr 2021,Saskatchewan,15 to 24 years,134.4,86.8,76.4,39.5,36.9,10.4,12,64.6,56.8
Apr 2021,Saskatchewan,25 years and over,755,513,483.8,410.7,73.1,29.3,5.7,67.9,64.1
Apr 2021,Saskatchewan,25 to 54 years,429.9,378.2,356.4,312,44.4,21.9,5.8,88,82.9
Apr 2021,Saskatchewan,55 years and over,325.2,134.8,127.4,98.7,28.7,7.4,5.5,41.5,39.2
Apr 2022,Saskatchewan,15 years and over,895.7,614.9,581.5,478.9,102.6,33.4,5.4,68.7,64.9
Apr 2022,Saskatchewan,15 to 24 years,135.1,91.3,81.8,46.4,35.4,9.6,10.5,67.6,60.5
Apr 2022,Saskatchewan,25 years and over,760.7,523.6,499.7,432.5,67.2,23.8,4.5,68.8,65.7
Apr 2022,Saskatchewan,25 to 54 years,432.4,391.8,373.8,333.5,40.3,18,4.6,90.6,86.4
Apr 2022,Saskatchewan,55 years and over,328.2,131.7,125.9,99,26.9,5.9,4.5,40.1,38.4
Jul 2019,Saskatchewan,15 years and over,883.9,609.3,575.1,463.2,111.9,34.1,5.6,68.9,65.1
Jul 2019,Saskatchewan,15 to 24 years,134.3,89.2,77.3,41.2,36.2,11.9,13.3,66.4,57.6
Jul 2019,Saskatchewan,25 years and over,749.6,520.1,497.8,422.1,75.7,22.3,4.3,69.4,66.4
Jul 2019,Saskatchewan,25 to 54 years,431.9,380.6,363.9,320.3,43.6,16.7,4.4,88.1,84.3
Jul 2019,Saskatchewan,55 years and over,317.7,139.4,133.9,101.8,32.2,5.5,3.9,43.9,42.1
Jul 2020,Saskatchewan,15 years and over,887.7,605,548.3,454,94.3,56.7,9.4,68.2,61.8
Jul 2020,Saskatchewan,15 to 24 years,134.5,88.8,71.9,42.2,29.7,16.9,19,66,53.5
Jul 2020,Saskatchewan,25 years and over,753.2,516.2,476.4,411.7,64.6,39.8,7.7,68.5,63.3
Jul 2020,Saskatchewan,25 to 54 years,430.8,382.6,352.5,314,38.6,30.1,7.9,88.8,81.8
Jul 2020,Saskatchewan,55 years and over,322.4,133.6,123.8,97.8,26.1,9.8,7.3,41.4,38.4
Jul 2021,Saskatchewan,15 years and over,889.5,600.1,558.1,453.6,104.5,42,7,67.5,62.7
Jul 2021,Saskatchewan,15 to 24 years,134.3,89.6,79.3,46.6,32.6,10.3,11.5,66.7,59
Jul 2021,Saskatchewan,25 years and over,755.2,510.5,478.8,407,71.8,31.7,6.2,67.6,63.4
Jul 2021,Saskatchewan,25 to 54 years,429.2,380.6,357.7,314.5,43.3,22.9,6,88.7,83.3
Jul 2021,Saskatchewan,55 years and over,326,129.9,121.1,92.6,28.6,8.8,6.8,39.8,37.1
Jul 2022,Saskatchewan,15 years and over,900.4,606.5,581.7,480.7,101,24.8,4.1,67.4,64.6
Jul 2022,Saskatchewan,15 to 24 years,135.7,88.7,82.8,47.8,35,5.9,6.7,65.4,61
Jul 2022,Saskatchewan,25 years and over,764.7,517.8,498.9,432.9,66,18.9,3.7,67.7,65.2
Jul 2022,Saskatchewan,25 to 54 years,435,385.9,372.1,332.7,39.4,13.8,3.6,88.7,85.5
Jul 2022,Saskatchewan,55 years and over,329.7,131.9,126.8,100.2,26.6,5.1,3.9,40,38.5
Oct 2019,Saskatchewan,15 years and over,886.4,611.5,579.3,469.2,110.1,32.3,5.3,69,65.4
Oct 2019,Saskatchewan,15 to 24 years,134.5,89.9,80,44.1,35.9,10,11.1,66.8,59.5
Oct 2019,Saskatchewan,25 years and over,751.9,521.6,499.3,425.1,74.2,22.3,4.3,69.4,66.4
Oct 2019,Saskatchewan,25 to 54 years,432.9,381.1,363.6,322,41.7,17.5,4.6,88,84
Oct 2019,Saskatchewan,55 years and over,319,140.5,135.7,103.1,32.5,4.8,3.4,44,42.5
Oct 2020,Saskatchewan,15 years and over,888,601.7,561.4,456.9,104.5,40.4,6.7,67.8,63.2
Oct 2020,Saskatchewan,15 to 24 years,134.5,89.7,76.9,44.8,32.2,12.8,14.3,66.7,57.2
Oct 2020,Saskatchewan,25 years and over,753.5,512,484.5,412.1,72.4,27.6,5.4,67.9,64.3
Oct 2020,Saskatchewan,25 to 54 years,430,381.4,361.6,316.5,45.1,19.8,5.2,88.7,84.1
Oct 2020,Saskatchewan,55 years and over,323.5,130.6,122.8,95.6,27.2,7.8,6,40.4,38
Oct 2021,Saskatchewan,15 years and over,890,600.8,564.8,460,104.8,36,6,67.5,63.5
Oct 2021,Saskatchewan,15 to 24 years,134.3,90.2,82.3,46.9,35.4,7.9,8.8,67.2,61.3
Oct 2021,Saskatchewan,25 years and over,755.7,510.6,482.4,413.1,69.3,28.1,5.5,67.6,63.8
Oct 2021,Saskatchewan,25 to 54 years,429.2,384.9,366.1,324.9,41.1,18.8,4.9,89.7,85.3
Oct 2021,Saskatchewan,55 years and over,326.5,125.7,116.4,88.2,28.2,9.3,7.4,38.5,35.7
Oct 2022,Saskatchewan,15 years and over,906.4,613.3,583,478.6,104.5,30.3,4.9,67.7,64.3
Oct 2022,Saskatchewan,15 to 24 years,136.7,86.7,77.1,40.7,36.4,9.6,11.1,63.4,56.4
Oct 2022,Saskatchewan,25 years and over,769.8,526.6,505.9,437.8,68.1,20.7,3.9,68.4,65.7
Oct 2022,Saskatchewan,25 to 54 years,438.9,390.7,375.5,336.5,39,15.2,3.9,89,85.6
Oct 2022,Saskatchewan,55 years and over,330.8,135.9,130.4,101.3,29.1,5.5,4,41.1,39.4
